trial_number,alpha_id,traj_id,human_ave,overall_ave,human_total,overall_total,human_dim_ave,overall_dim_ave,human_dim_total,overall_dim_total
1,3,0,0.05019913375417918,0.03011948025250756,20.88283964173854,12.529703785043145,"[0.024883937999486242, 0.015497465604881765, 0.03482488840774005]","[0.014930362799691748, 0.009298479362929055, 0.020894933044644032]","[10.351718207786277, 6.446945691630814, 14.487153577619859]","[6.211030924671767, 3.868167414978487, 8.692292146571917]"
