trial_number,alpha_id,traj_id,rhythm_id,tempo,ave. error,ave. error (%),ref_times,recorded_times,times_from_start,error_list,errp_list
1,3,5,2,120,0.035105443000793456,4.405439694722493,"[0.0, 0.5, 2.0, 2.5, 4.0, 4.5, 6.0, 6.5, 8.0, 8.5, 10.0]","[0.0, 0.44753003120422363, 1.888489007949829, 2.3512277603149414, 3.8073465824127197, 4.258830308914185, 5.7285261154174805, 6.223892688751221, 7.727485179901123, 8.239485025405884, 9.680130243301392]","[0.4084486961364746, 0.47184109687805176, 0.8559792041778564, 0.9046363830566406, 2.29693865776062, 2.343749523162842, 2.75968074798584, 2.8092541694641113, 4.215798377990723, 4.263681173324585, 4.667279481887817, 4.711716651916504, 6.136977195739746, 6.183750867843628, 6.632345199584961, 6.695796012878418, 8.135937690734863, 8.199803829193115, 8.647938013076782, 8.696585893630981, 10.088580131530762, 10.138067960739136, 10.552920818328857]","[-0.05246996879577637, -0.05904102325439453, -0.037261247634887695, -0.04388117790222168, -0.048516273498535156, -0.0303041934967041, -0.004633426666259766, 0.0035924911499023438, 0.011999845504760742, -0.05935478210449219]","[-10.493993759155273, -3.9360682169596353, -7.452249526977539, -2.9254118601481123, -9.703254699707031, -2.0202795664469404, -0.9266853332519531, 0.2394994099934896, 2.3999691009521484, -3.9569854736328125]"
