trial_number,alpha_id,traj_id,human_ave,overall_ave,human_total,overall_total,human_dim_ave,overall_dim_ave,human_dim_total,overall_dim_total
1,5,1,0.013474083013350104,0.013474083013350104,5.605218533553643,5.605218533553643,"[0.008819220304531406, 0.007711764266165911, 0.009399477151544088]","[0.008819220304531406, 0.007711764266165911, 0.009399477151544088]","[3.6687956466850653, 3.208093934725019, 3.9101824950423403]","[3.6687956466850653, 3.208093934725019, 3.9101824950423403]"
2,3,5,0.013193069210142527,0.007915841526085526,5.488316791419291,3.292990074851579,"[0.008612355968937129, 0.008407766862347423, 0.008280454576359453]","[0.005167413581362282, 0.0050446601174084565, 0.004968272745815671]","[3.5827400830778457, 3.4976310147365277, 3.4446691037655324]","[2.1496440498467093, 2.098578608841918, 2.066801462259319]"
3,5,1,0.010597463857993539,0.010597463857993539,4.408544964925312,4.408544964925312,"[0.006322646131039901, 0.006334384205124012, 0.00749879036712777]","[0.006322646131039901, 0.006334384205124012, 0.00749879036712777]","[2.6302207905125985, 2.6351038293315887, 3.1194967927251525]","[2.6302207905125985, 2.6351038293315887, 3.1194967927251525]"
