trial_number,alpha_id,traj_id,human_ave,robot_ave,overall_ave,human_total,robot_total,overall_total,human_dim_ave,robot_dim_ave,overall_dim_ave,human_dim_total,robot_dim_total,overall_dim_total
1,3,2,0.0214640814114466,0.026083155521471182,0.01278259144990526,8.929057867161784,10.850592696932011,5.317558043160588,"[0.0097303110971615, 0.007301960784779773, 0.019575693085057227]","[0.0, 0.0, 0.026083155521471182]","[0.005838186658296893, 0.004381176470867868, 0.011093425900315933]","[4.047809416419184, 3.0376156864683854, 8.143488323383806]","[0.0, 0.0, 10.850592696932011]","[2.4286856498515075, 1.8225694118810332, 4.614865174531428]"2,3,2,0.025500291262479657,0.025249762842388262,0.018981739968293502,10.608121165191537,10.503901342433517,7.896403826810097,"[0.008077632495195108, 0.017290831324821836, 0.014977516492775999]","[0.0, 0.0, 0.025249762842388262]","[0.0048465794971170595, 0.010374498794893099, 0.01318043681430587]","[3.360295118001165, 7.192985831125884, 6.230646860994815]","[0.0, 0.0, 10.503901342433517]","[2.0161770708006967, 4.315791498675529, 5.4830617147512415]"
