trial_number,alpha_id,traj_id,human_ave,robot_ave,overall_ave,human_total,robot_total,overall_total,human_dim_ave,robot_dim_ave,overall_dim_ave,human_dim_total,robot_dim_total,overall_dim_total
1,3,5,0.15380717150924827,0.02298376226200014,0.09197644269273803,63.829976176338036,9.53826133873006,38.17022371748628,"[0.0026628408388100766, 0.1505601931777781, 0.02046028529056042]","[0.0, 0.0, 0.02298376226200014]","[0.0015977045032860016, 0.09033611590666688, 0.012328997304928885]","[1.1050789481061818, 62.48248016877791, 8.491018395582575]","[0.0, 0.0, 9.53826133873006]","[0.6630473688636906, 37.48948810126675, 5.116533881545488]"
