trial_number,alpha_id,traj_id,human_ave,overall_ave,human_total,overall_total,human_dim_ave,overall_dim_ave,human_dim_total,overall_dim_total
1,5,0,0.15323243763988506,0.15323243763988506,63.74469405819219,63.74469405819219,"[0.013711314217254708, 0.1436398603516056, 0.03538497327270369]","[0.013711314217254708, 0.1436398603516056, 0.03538497327270369]","[5.7039067143779585, 59.75418190626794, 14.720148881444736]","[5.7039067143779585, 59.75418190626794, 14.720148881444736]"
2,5,0,0.15179639995590075,0.15179639995590075,63.14730238165471,63.14730238165471,"[0.0140297050805848, 0.1425765332200439, 0.03495371565425285]","[0.0140297050805848, 0.1425765332200439, 0.03495371565425285]","[5.836357313523276, 59.31183781953826, 14.540745712169185]","[5.836357313523276, 59.31183781953826, 14.540745712169185]"
